Desk Number,Employee Name,Department,X Coordinate,Y Coordinate,Free Calendar Slots Today
Desk 101,Me (The User),Marketing,500,160,8 am - 11 am; 2 pm - 5 pm
Desk 105,Lisa,Marketing,500,230,8 am - 9 am; 2 pm - 4 pm
Desk 110,John,Marketing,560,150,11am - 1pm; 4pm - 5pm
Desk 108,Smith,Sales,220,380,10am - 1pm; 4pm - 6 pm
Desk 103,Joe,Sales,290,380,11am - 1pm; 4pm - 5pm
Desk 102,Brad,HR,350,380,8 am - 11 am; 3 pm - 5 pm
Desk 109,Adam,HR,430,380,8 am - 9 am; 2 pm - 4 pm
Desk 100,Jack,Software Dev,220,440,11am - 1pm; 4pm - 5pm
Desk 106,Johnson,Software Dev,290,440,8 am - 9 am; 2 pm - 4 pm
Desk 107,Mikael,Software Dev,350,440,8 am - 9 am; 2 pm - 4 pm
