ct,Variable name,Category
1,DEMO_Org,DEMO
2,DEMO_Dept,DEMO
3,DEMO_Tenure_PreC_employee,DEMO
4,DEMO_meeting_remote,Influental Factors
5,OBSV_PreC_WFH_Days_Wk,Mobility: Days remote / in-office
6,OBSV_PreC_interative_A_inperson,Interactive Work
7,OBSV_PreC_interative_B_remote,Interactive Work
8,OBSV_PreC_meetingsize0ffice_A_1,Interactive Work
9,OBSV_PreC_meetingsize0ffice_B_2n3,Interactive Work
10,OBSV_PreC_meetingsize0ffice_C_4n9,Interactive Work
11,OBSV_PreC_meetingsize0ffice_D_10plus,Interactive Work
12,OBSV_PreC_meeting_A_inperson,Interactive Work
13,OBSV_PreC_meeting_B_hyrbid,Interactive Work
14,OBSV_PreC_meeting_C_remote,Interactive Work
15,OBSV_same_space_count_A_1,Interactive Work
16,OBSV_same_space_count_B_2n3,Interactive Work
17,OBSV_same_space_count_C_4n9,Interactive Work
18,OBSV_same_space_count_D_10p,Interactive Work
19,OBSV_PreC_Location_A_primryoffice,Mobility: Days remote / in-office
20,OBSV_PreC_Location_B_officeother,Mobility: Days remote / in-office
21,OBSV_PreC_Location_C_client,Mobility: Days remote / in-office
22,OBSV_PreC_Location_D_WFH,Mobility: Days remote / in-office
23,OBSV_PreC_Location_E_publicspace,Mobility: Days remote / in-office
24,OBSV_PreC_Location_F_transit,Mobility: Days remote / in-office
25,OBSV_PreC_Location_G_other,Mobility: Days remote / in-office
26,OBSV_PreC_space_A_InformalMtg,Space Types & Preferences
27,OBSV_PreC_space_B_FormalMtg,Space Types & Preferences
28,OBSV_PreC_wiOffice_A_desk,Space Types & Preferences
29,OBSV_PreC_wiOffice_B_otherdeck,Space Types & Preferences
30,OBSV_PreC_wiOffice_C_meetingrm,Space Types & Preferences
31,OBSV_PreC_wiOffice_D_lobby,Space Types & Preferences
32,OBSV_PreC_wiOffice_E_speicaltyarea,Space Types & Preferences
33,OBSV_PreC_wiOffice_F_other,Space Types & Preferences
34,OBSV_PreC_5A_lost_layout,Workplace Satisfactoin / Perfomance
35,OBSV_PreC_5B_lost_looking,Workplace Satisfactoin / Perfomance
36,OBSV_PreC_5C_lost_perstech,Workplace Satisfactoin / Perfomance
37,OBSV_PreC_5D_lost_roomtech,Workplace Satisfactoin / Perfomance
38,OBSV_PreC_5E_lost_visitors,Workplace Satisfactoin / Perfomance
39,OBSV_PreC_5F_lost_noise,Workplace Satisfactoin / Perfomance
40,OBSV_PreC_5G_lost_comms,Workplace Satisfactoin / Perfomance
41,OBSV_PreC_5H_lost_ergo,Workplace Satisfactoin / Perfomance
42,OBSV_PreC_5I_lost_temp,Workplace Satisfactoin / Perfomance
43,OBSV_PreC_5J_lost_odor,Workplace Satisfactoin / Perfomance
44,OBSV_PreC_5K_lost_natlight,Workplace Satisfactoin / Perfomance
45,OBSV_PreC_5L_lost_indoorlight,Workplace Satisfactoin / Perfomance
46,OBSV_Now_Interact_Work_within_org,Interactive Work
47,OBSV_Now_WrkTimeA_Indiv_fract_vCollab,Workstyle
48,DECSN_factors_A_noinpersonmtgs,Influental Factors
49,DECSN_factors_B_healthwellness,Influental Factors
50,DECSN_factors_C_WrkLifeSep,Influental Factors
51,DECSN_factors_D_safety,Influental Factors
52,DECSN_factors_E_commutelength,Influental Factors
53,DECSN_factors_F_collabtools,Influental Factors
54,DECSN_factors_G_concentrate,Influental Factors
55,DECSN_factors_H_purpose,Influental Factors
56,DECSN_factors_I_coworkerspresence,Influental Factors
57,DECSN_factors_J_teampresence,Influental Factors
58,DECSN_factors_K_socialevents,Influental Factors
59,DECSN_factors_L_community,Influental Factors
60,DECSN_factors_M_metorship,Influental Factors
61,DECSN_factors_N_neighorhood,Influental Factors
62,DECSN_factors_O_food,Influental Factors
63,DECSN_factors_P_family,Influental Factors
64,DECSN_factors_Q_leadership,Influental Factors
65,PostC_impact_shift_A_focus,Impact Distributed Wrok
66,PostC_impact_shift_B_productive,Impact Distributed Wrok
67,PostC_impact_shift_C_collab,Impact Distributed Wrok
68,PostC_impact_shift_D_videoconf,Impact Distributed Wrok
69,PostC_impact_shift_E_innovate,Impact Distributed Wrok
70,PostC_impact_shift_F_colleagueaccess,Impact Distributed Wrok
71,PostC_impact_shift_G_teammeetings,Impact Distributed Wrok
72,PostC_impact_shift_H_social,Impact Distributed Wrok
73,PostC_impact_shift_I_managersconnect,Impact Distributed Wrok
74,PostC_impact_shift_J_client,Impact Distributed Wrok
75,PostC_impact_shift_K_enjoy,Impact Distributed Wrok
76,PostC_impact_RankDifficult_A_MH,Impact Distributed Wrok
77,PostC_impact_RankDifficult_B_community,Impact Distributed Wrok
78,PostC_impact_RankDifficult_C_Communication,Impact Distributed Wrok
79,PostC_impact_RankDifficult_D_Tech,Impact Distributed Wrok
80,PostC_impact_RankDifficult_E_space,Impact Distributed Wrok
81,PostC_impact_RankDifficult_F_Environment,Impact Distributed Wrok
82,PREF_WFK_rate_home,Mobility: Days remote / in-office
83,PREF_Envr_Focus_1A_activity,Environmental Preferences
84,PREF_Envr_Focus_1B_closure,Environmental Preferences
85,PREF_Envr_Focus_1C_remote,Environmental Preferences
86,PREF_Envr_Focus_1D_color,Environmental Preferences
87,PREF_Envr_Focus_1E_light,Environmental Preferences
88,PREF_Envr_Focus_1F_formality,Environmental Preferences
89,PREF_Envr_Focus_1H_energy,Environmental Preferences
90,PREF_Envr_Collab_2A_activity,Environmental Preferences
91,PREF_Envr_Collab_2B_closure,Environmental Preferences
92,PREF_Envr_Collab_2C_remote,Environmental Preferences
93,PREF_Envr_Collab_2D_color,Environmental Preferences
94,PREF_Envr_Collab_2E_light,Environmental Preferences
95,PREF_Envr_Collab_2F_formality,Environmental Preferences
96,PREF_Envr_Collab_2H_energy,Environmental Preferences
97,PREF_space_A_focusedWk,Space Types & Preferences
98,PREF_space_B_inperson_collab,Space Types & Preferences
99,PREF_space_C_videoconf,Space Types & Preferences
100,PREF_space_D_impromptu,Space Types & Preferences
101,PREF_space_E_recharge,Space Types & Preferences
102,PREF_space_F_accessible,Space Types & Preferences
103,PREF_space_G_firstarrive,Space Types & Preferences
104,PREF_CollabSpace_A_tech,Workplace Features
105,PREF_CollabSpace_B_software,Workplace Features
106,PREF_CollabSpace_C_CollabTools,Workplace Features
107,PREF_CollabSpace_D_furniture,Workplace Features
108,PREF_CollabSpace_E_seating,Workplace Features
109,PREF_CollabSpace_F_naturallight,Workplace Features
110,PREF_CollabSpace_G_acoustics,Workplace Features
111,PREF_features_A_chair,Workplace Features
112,PREF_features_B_proximitry,Workplace Features
113,PREF_features_C_concentration,Workplace Features
114,PREF_features_D_privacy,Workplace Features
115,PREF_features_E_noise,Workplace Features
116,PREF_features_F_daylight,Workplace Features
117,PREF_features_G_light,Workplace Features
118,PREF_features_H_nature,Workplace Features
119,PREF_features_I_Sychro,Workplace Features
120,PREF_features_J_collabspace,Workplace Features
121,PREF_features_K_temp,Workplace Features
122,PREF_features_L_clean,Workplace Features
123,PREF_features_M_lockers,Workplace Features
124,PREF_features_N_events,Workplace Features
125,PREF_features_O_food,Workplace Features
126,PREF_features_Q_kitchen,Workplace Features
127,PREF_features_R_gym,Workplace Features
128,PREF_features_S_relax,Workplace Features
129,PREF_features_T_greenspace,Workplace Features
130,SATSF_CollabSpace_A_Tech,Workplace Features
131,SATSF_CollabSpace_B_software,Workplace Features
132,SATSF_CollabSpace_C_CollabTools,Workplace Features
133,SATSF_CollabSpace_D_furniture,Workplace Features
134,SATSF_CollabSpace_E_seating,Workplace Features
135,SATSF_CollabSpace_F_naturallight,Workplace Features
136,SATSF_CollabSpace_G_acoustics,Workplace Features
137,SATSF_HomeOffice_A_Tech,Workplace Features
138,SATSF_HomeOffice_B_software,Workplace Features
139,SATSF_HomeOffice_C_CollabTools,Workplace Features
140,SATSF_HomeOffice_D_furniture,Workplace Features
141,SATSF_HomeOffice_E_seating,Workplace Features
142,SATSF_HomeOffice_F_naturallight,Workplace Features
143,SATSF_HomeOffice_G_acoustics,Workplace Features
144,SATSF_facilitate_Home_1A_focus,Workplace Satisfactoin / Perfomance
145,SATSF_facilitate_Home_1B_inpersoncollab,Workplace Satisfactoin / Perfomance
146,SATSF_facilitate_Home_1C_virtualcollab,Workplace Satisfactoin / Perfomance
147,SATSF_facilitate_Office_2A_focus,Workplace Satisfactoin / Perfomance
148,SATSF_facilitate_Office_2B_inpersoncollab,Workplace Satisfactoin / Perfomance
149,SATSF_facilitate_Office_2C_virtualcollab,Workplace Satisfactoin / Perfomance
150,SATSF_facilitate_HomeTech_3A_virtualcollab,Workplace Satisfactoin / Perfomance
151,SATSF_facilitate_HomeTech_3B_inpersoncollab,Workplace Satisfactoin / Perfomance
152,SATSF_facilitate_HomeTech_3C_virtualcollab,Workplace Satisfactoin / Perfomance
153,SATSF_facilitate_OfficeTech_4A_virtualcollab,Workplace Satisfactoin / Perfomance
154,SATSF_facilitate_OfficeTech_4B_inpersoncollab,Workplace Satisfactoin / Perfomance
155,SATSF_facilitate_OfficeTech_4C_virtualcollab,Workplace Satisfactoin / Perfomance
156,SATSF_office_A_community,Workplace Characteristics
157,SATSF_office_B_designexcellence,Workplace Characteristics
158,SATSF_office_C_pride,Workplace Characteristics
159,SATSF_office_D_expressme,Workplace Characteristics
160,SATSF_office_E_control,Workplace Characteristics
161,SATSF_office_F_wellbeing,Workplace Characteristics
162,SATSF_office_G_myfamily,Workplace Characteristics
163,SATSF_office_H_customers,Workplace Characteristics
164,SATSF_office_I_orgcullture,Workplace Characteristics
165,SATSF_office_J_knowledgeshare,Workplace Characteristics
166,SATSF_office_K_planet,Workplace Characteristics
167,WP_Featr_office_A_community,Workplace Characteristics
168,WP_Featr_office_B_designexcellence,Workplace Characteristics
169,WP_Featr_office_C_pride,Workplace Characteristics
170,WP_Featr_office_D_expressme,Workplace Characteristics
171,WP_Featr_office_E_control,Workplace Characteristics
172,WP_Featr_office_F_wellbeing,Workplace Characteristics
173,WP_Featr_office_G_myfamily,Workplace Characteristics
174,WP_Featr_office_H_customers,Workplace Characteristics
175,WP_Featr_office_I_oegculture,Workplace Characteristics
176,WP_Featr_office_J_knowledgeshare,Workplace Characteristics
177,WP_Featr_office_K_planet,Workplace Characteristics
178,Etc1_WLB_improved,Etc
179,Etc2_chooseWFH,Etc
180,Etc3_no_workstation,Etc
181,Etc4_justlaptop,Etc
182,Etc5_teamclose,Etc
183,Etc6_connected,Etc
184,Etc7_priorities,Etc
185,Etc8_WFK_efffective,Etc
